,kpa,kSOCSon,kd4,k_d4,R1,R2,gamma
0,9.631781879415725e-07,8.647585011001901e-07,0.15018606033108226,0.003945363817707251,2318.8253851861027,1442.4030011091909,2.3348001530344775
1,9.032998061748466e-07,7.861855507025066e-07,0.19179633743381086,0.0036169837012981084,2285.5238502494544,1263.4719016911488,2.173727087029271
2,9.20955316466361e-07,7.794377215021865e-07,0.17940464341277224,0.0044205879209054675,2064.47109575822,1308.5259051277899,2.417482735824245
3,7.080377001605532e-07,9.031972471092529e-07,0.15488936889446733,0.004095933865078214,2061.4559373059324,1354.9065726634567,2.330012999093105
4,8.220246641553296e-07,1.0615915884444048e-06,0.12482525284255877,0.010203416282491521,1836.746116487467,1248.112843685786,3.001716807190607
5,8.950131791601216e-07,9.832462330472872e-07,0.1297223978072572,0.0042051825712938135,1664.6186832750184,1039.841142117897,3.319044610850562
6,9.584816420637893e-07,9.098523142192023e-07,0.214513468724322,0.00664913437481491,1753.3825747791493,1034.3842441617896,3.1249828997627933
7,9.809359442584426e-07,9.318897729359592e-07,0.24355266370174938,0.004942550847556681,1815.0007207791161,959.438712662317,3.0417304965094334
8,8.230855319694471e-07,9.322653837834711e-07,0.2649598489717876,0.0061288542596902576,1872.5095333319032,962.2691990422526,3.3972565064206526
9,8.740914833671087e-07,9.637374964857567e-07,0.1779298159290185,0.010512790070544042,1615.5624450292353,1200.7749001590412,3.905917770800241
10,9.432829310845067e-07,9.400026040245774e-07,0.21831274372022508,0.04402809301702252,1848.3902906410515,1035.9268092844584,4.5823626365871055
11,7.926540786684153e-07,9.665361177290745e-07,0.2918931215585318,0.04838665281235203,1703.9409267085023,1190.5608245123467,4.807970680315744
12,7.049367198591766e-07,9.389739514688066e-07,0.25851916109108536,0.037571538891860726,1767.3792584828152,1263.4135784602106,3.6739597165779596
13,8.294767020492146e-07,9.83469588348267e-07,0.23584586617784375,0.04848123160506599,1767.5587292945145,1263.519985843052,3.598953577296422
14,9.275185270445913e-07,1.0850238684096187e-06,0.2388154882154066,0.1528773627755608,1750.675151099761,1187.1913539887266,4.954251059993538
15,8.78871216221392e-07,9.64581692798705e-07,0.21520061992648862,0.21509463936344775,1622.4045951126245,1405.2258251108851,4.726062466122329
16,8.204465141492769e-07,1.0402670025798834e-06,0.30536402952507646,0.5469334773259569,1554.296447744552,1360.145234630602,6.426616370945143
17,7.26112808906557e-07,9.994994413873455e-07,0.2799130753546079,0.4338328349459428,1864.0285921029058,1555.4687439493225,4.888125405239105
18,6.528107486816283e-07,8.886031907995791e-07,0.32436729484516774,0.2819511709977976,1931.2904041905308,1416.2501261515495,6.283795056812185
19,6.128316559472538e-07,9.456655453255649e-07,0.2592012473655993,0.16755451139302946,1949.3259988226423,1504.1875499183177,5.87992282288634
20,5.06562579032791e-07,8.230046403098625e-07,0.20998120173094612,0.13128917855890263,2013.6859461096858,1439.2943511852823,4.993750193628339
21,4.49297752199769e-07,7.752793210518647e-07,0.1969132483758224,0.08051201988253276,1987.4092934718274,1634.4723749127113,4.11460350226257
22,4.5567735055009664e-07,7.931068276535351e-07,0.19947586899802677,0.033773161895286154,2013.9040968910679,1592.4410461306477,3.4525187333604954
23,4.912627362476237e-07,7.670781365813014e-07,0.16122101542423117,0.10261478994802856,1838.2294478203198,1709.407715528429,3.8411763040354616
24,4.5900150389234844e-07,8.018539088632307e-07,0.21215642734431098,0.16682362788102875,2025.9568624024398,1702.6440101801643,5.364106089868001
25,4.489400537767855e-07,8.857544693338509e-07,0.17582568413601818,0.10738545026322481,1994.577136594943,1538.4918336379815,4.404133067246596
26,4.6095530981947706e-07,8.883248848109967e-07,0.1478166422682673,0.0966329711863,1861.0379162455502,1516.5691626073958,3.645444883264183
27,4.1525290049413546e-07,6.889479150427586e-07,0.20052011830142066,0.16791995077254815,1948.0313707854239,1473.7391986387324,3.8607531637842136
28,3.8407481094011144e-07,7.319228390988696e-07,0.18421156486953455,0.12235750162008294,1761.3418310135037,1583.5550428740667,4.030007841005485
29,3.966087581525765e-07,6.693594569280579e-07,0.19926878869074163,0.12423690935377005,1568.9298893022594,1746.8933251788148,4.632862487531037
30,3.2980374457903424e-07,7.74812549496083e-07,0.19422084960665392,0.09646486383427254,1782.7278961346165,1600.7650931734959,5.226345800617146
31,3.023073375407192e-07,7.090981622299843e-07,0.18146706682538596,0.14920173947912296,1793.3340430716617,1739.6334214398335,7.0244863633516985
32,2.8489554727545555e-07,7.024828587825115e-07,0.15126146346868305,0.15394404278446674,1879.8375256236154,1582.2988108009679,6.940178994886521
33,2.460745162112737e-07,7.883890429700217e-07,0.1593663500446022,0.200296773124175,1810.7800402075682,1718.9554047542001,8.530441479785342
34,2.6808542447677905e-07,8.4940953392329e-07,0.1894013392157933,0.562615158118227,1740.7000351092317,1855.4686646518917,6.157477691251926
35,2.4683783562107345e-07,8.766389912740022e-07,0.2683227413723056,0.4689975882208785,1684.9453399793117,1794.3770289724157,6.9417888999571185
36,2.7602958590755705e-07,9.336356079196263e-07,0.28546818484954534,0.29967007382232835,1924.7619331949636,1698.4440410083316,8.478442931254982
37,3.0741602464988345e-07,9.261611065633274e-07,0.2877776715746555,0.18708683779359156,2016.8969260862941,1668.7359183714834,8.964762253958146
38,3.3247382083949875e-07,1.139085469728791e-06,0.30573503364993015,0.20480987328073305,1982.2107829824479,1491.0103483538242,8.527020122459232
39,3.4106177721209054e-07,1.1560834415514356e-06,0.3065855920120219,0.4306909098506098,1664.1744608213426,1539.7748150389468,7.955958040608823
40,2.9765583378693734e-07,1.1397037259882657e-06,0.3825344205882761,0.3629626211880427,1792.6387233646044,1733.1266389056723,8.119492421876163
41,2.811980664194462e-07,1.168132611810879e-06,0.2582609813484157,0.1716269836458431,1946.8330462659405,1608.8193110969348,10.510198466645424
42,2.4456785901065757e-07,1.2896869889746068e-06,0.2548150206268725,0.11637155208027514,2314.4072095357265,1518.2625255415007,9.23701329276947
43,2.167387624090839e-07,1.4949078130763756e-06,0.19382079310897285,0.1003976419042386,2571.5165539790305,1584.7572371116164,6.8040099787611075
44,2.21938139132903e-07,1.4123342978064232e-06,0.14728817541894396,0.11130740486277273,2431.8892857135943,1808.0188856616746,7.23795586817307
45,2.409580460280942e-07,1.5724882251837426e-06,0.15324865495787277,0.14511650943626006,2300.9091010390534,1828.4924315883877,6.376022587342215
46,2.974968480664298e-07,1.6310067007712164e-06,0.19912110219689594,0.14981871998181348,2214.1111478876946,1736.6871916869857,6.218855038394921
47,3.3517960815176884e-07,1.4267051867303112e-06,0.23175242202047625,0.2039796749004156,1966.431178174326,1909.4524189887177,4.922364116196257
48,3.099487964794793e-07,1.6630110028476255e-06,0.2581585899053765,0.14761313542211138,1895.0249684821447,2025.196818323297,5.9178476649034595
49,3.2150973007207345e-07,1.6177690712378044e-06,0.1732579483247233,0.17845685965826527,1870.061316324276,1788.908405417774,7.819165656662208
50,3.249538368770443e-07,1.5548534412495064e-06,0.19621234468462423,0.42854105593207,1660.514147961599,1809.655399802619,7.460215393053375
51,2.8689947789220666e-07,1.663494963962762e-06,0.1926337738870195,0.3857088188290042,1795.2807851258115,1853.805147286388,8.76564490484862
52,3.0359301051174903e-07,1.5353731200715479e-06,0.1984337685221302,0.24381701843895576,1904.9552971935661,1630.723170113661,8.43984603621054
53,3.219850102673925e-07,1.3634928034498685e-06,0.22899679546760474,0.2523614376861703,1844.980311330251,1851.04574693322,6.680009423504333
54,2.505196231215067e-07,1.3751837316557847e-06,0.21187009352054245,0.20374000366105732,1739.459180976313,1860.2702204638692,8.367033334951307
55,2.396359490925606e-07,1.4015044428471302e-06,0.23494670899430478,0.19891047791808855,1843.2345724350978,1966.0349415402322,8.882176250193687
56,2.2288552313765306e-07,1.3779388095568446e-06,0.29454501989312537,0.3287975033650162,1804.5800349876504,2083.1755610955292,8.38383106628636
57,1.843212500764873e-07,1.1565301606767008e-06,0.2473591884457872,0.22611932113212643,1959.7020421714244,2055.8368031767486,9.96084207535186
58,2.097032548509217e-07,1.484710175970558e-06,0.27518198098211377,0.1554811981593992,2000.9841789406787,1939.4834361768117,8.532213384366692
59,2.1786188890335356e-07,1.3510767398193264e-06,0.24140256687709855,0.1365179070178435,1893.5276763735978,1948.9436596930614,6.972606555509016
60,2.3708965382704157e-07,1.263940556131334e-06,0.2249666955449831,0.1538599522410953,1959.5400465022112,2031.4133092177626,6.256460319156827
61,2.3337214530898513e-07,1.2343487253985546e-06,0.20097950479336307,0.1613391876983076,1955.1038824203615,2078.2668298890535,7.1154512387347495
62,2.6207265055377595e-07,1.202139961769478e-06,0.2716101312511723,0.3686841756707747,1981.878610648479,1996.5257540194934,7.746792383592682
63,2.3145423060231877e-07,1.1757285716157923e-06,0.40966910594702793,0.32060520239888507,2085.710895006447,2141.89231545172,10.208370560706234
64,2.263583432852421e-07,1.4598787420667457e-06,0.42256622602940735,0.4949415598237814,2025.9264333169656,1956.79562341044,11.352318615300767
65,2.57010367050458e-07,1.4302514393994313e-06,0.5089040277492882,0.2861742001899307,2168.8419747687803,1950.628862981355,11.167971819942418
66,2.959517744797651e-07,1.5004706714352766e-06,0.4131565559283997,0.43398657038059546,2174.9459821661308,2062.097044983233,11.424002780432376
67,3.019997407829961e-07,1.4650610177292843e-06,0.500152965151854,0.5529278458102015,2070.515765086233,2161.430519777548,9.260188133962378
68,3.573444543544923e-07,1.6832106417738144e-06,0.6284258212120075,0.525863812739978,2002.797733140498,2298.1469018401162,10.588667953876543
69,3.702341052892572e-07,1.5643274730980176e-06,0.711090667997175,0.6640076743027895,1930.303406673368,2261.3756688003277,10.435001014667192
70,3.4163966844376977e-07,1.5588180219296615e-06,0.7705588531262978,0.567587886429546,1989.8253679433735,2722.456092617688,9.878811745945871
71,3.313146069023529e-07,1.6921091712936936e-06,0.5641306053490525,0.3591930630933878,1944.2577285328478,2705.3200838021553,7.11825422496428
72,3.8768618369443046e-07,1.6868612679581515e-06,0.5722092966545512,0.3475407918123734,2138.7479755504205,2561.865442092702,6.311297203387508
73,3.7330461194560284e-07,2.0660450253905745e-06,0.6781401768324776,0.40892932188676956,2327.0626332208126,2372.1037691858983,8.043148830454761
74,3.827179668635299e-07,2.031973923102575e-06,0.8624051685517256,0.3709687887624817,2392.565266695134,2366.365041049011,7.026802097542375
75,3.8465258508714577e-07,2.2094883445963343e-06,0.8318439911889975,0.4553165157815682,2265.2217048848443,2277.3735077967085,6.760151556974717
76,3.444813774245973e-07,1.863750519575404e-06,0.7106374183037999,0.47156095350598454,2444.8618475293265,2474.214980480647,8.814331603811596
77,3.2183024934406957e-07,1.5948257090708782e-06,0.86782145096968,0.4932009807071048,2474.2786830814134,2597.9185395474024,9.335365524469761
78,3.284712390219454e-07,1.3473688711380146e-06,0.6722084341856659,0.47667658230618787,2269.4694391676016,2713.3749887042577,8.871856410689624
79,3.439545608877101e-07,1.3099201848776956e-06,0.6195609393655547,0.5759863167290157,2102.4081054924554,2514.495506801986,11.744786760705823
80,3.149234757763157e-07,1.3950509220768327e-06,0.7495677082681309,0.6644646343445249,2152.656968779402,2459.287446453353,8.776047776480908
81,3.589730982065431e-07,1.6003911281185835e-06,0.8561395581506668,0.5747090423757608,2255.9181379592173,2520.42615393119,5.271904484370101
82,3.643157399474191e-07,1.3671775013695599e-06,1.0662593309396677,0.48899421289539297,2136.6372579425474,2408.46354862565,5.658084254692434
83,3.2300189942492755e-07,1.3307046502307398e-06,1.0523522061004638,0.35810658391324324,2200.356150106928,2243.475887507334,6.88418834190404
84,3.115854198491373e-07,1.302205476424674e-06,0.8001287623612299,0.20853259518726724,2056.046919135377,2043.831036569238,6.42160604578093
85,3.3292383568322766e-07,1.4589416122026711e-06,0.6761936572092405,0.1262045955871043,1981.8083923267857,2114.6115138392556,5.655398961271892
86,3.9031294521295223e-07,1.2496239048767528e-06,0.5384344286087026,0.1043480558794336,1931.7867398052215,2216.3993285580877,4.70714829217446
87,5.011153108918757e-07,1.3437689019482694e-06,0.5337848801634311,0.11120679720501458,1979.8928809798729,2001.956759971552,4.692487172022117
88,5.137982410162956e-07,1.5646294004195028e-06,0.41722448001078233,0.10357392124448715,1941.7263812858898,2077.2073516651794,5.6525476168682856
89,5.254430165857715e-07,1.4043810423124454e-06,0.4988838504678337,0.16476148829235646,1847.6509796590608,2125.6524383197548,5.771327266404068
90,5.249007542845755e-07,1.362525455334758e-06,0.44412770436367216,0.28480231313118126,1763.708017565042,2049.614821144259,4.557822953007831
91,4.61850400161937e-07,1.233306792975383e-06,0.42681938830978294,0.33537288451835917,1717.5473095161362,2062.448306319728,6.101273451144995
92,4.243266393212611e-07,1.2400150634032179e-06,0.4116492959741562,0.3924758316427883,1619.942292471686,2072.012526985918,6.74576667926746
93,4.23232660847723e-07,1.0550054752705827e-06,0.36883468432391536,0.3000317917906969,1500.8905213738096,1956.3407352283712,7.268248945939861
94,4.036017078592132e-07,1.0106148841447625e-06,0.3663295802619092,0.2562303510278978,1397.1212774870787,1812.404110436271,8.98674839844464
95,3.255658151492819e-07,1.1103487759539768e-06,0.2532375525474665,0.5076538029264464,1256.7253550714686,1883.6923990867308,9.039168255813488
96,3.617519130615812e-07,1.2616548682875924e-06,0.3915922771498673,0.31641842476906396,1300.6635345632428,1981.500315537389,11.737000440127817
97,3.2576695498641656e-07,1.261494813546441e-06,0.44340406440405083,0.3159213573168077,1133.6782363610678,2227.1009686148764,9.094143416119955
98,3.6943142159925025e-07,1.2524579450022746e-06,0.42040382735419674,0.2542078530317285,1333.3111385439759,2163.171520611871,9.35707839352991
99,3.4757537465065317e-07,1.0099988943113046e-06,0.35953527915272454,0.28758674522261,1129.6413769735332,1976.0641147695383,11.777298641896047
100,3.90668688429435e-07,1.2108849190214227e-06,0.3423204005764708,0.2520684299792193,1097.990043823666,2017.822576138743,6.330744189491673
101,4.123595224474185e-07,1.3318495206581886e-06,0.34635224748560445,0.07185147138909927,908.433553131719,1860.1171300657734,6.162192281964729
102,4.6576650841766687e-07,1.3210491389336741e-06,0.3841629822207948,0.07244689856926963,962.62578068264,1790.904302407175,6.172370279703508
103,4.958567744880674e-07,1.3704632751978598e-06,0.34848909415740364,0.0896857042957216,925.5442541393135,1905.121785600764,4.232827282728881
104,4.948088082104948e-07,1.4657845250137356e-06,0.3782786661397292,0.09336217340073691,1069.2868838611682,1699.9433925849135,5.087343717174539
105,4.907119111722318e-07,1.6007539935679227e-06,0.39105320662956616,0.09449188989355181,1257.6118970696402,1592.1682609991935,6.303387599003384
106,4.22794835746303e-07,1.681410851342589e-06,0.5377232158528366,0.12718317838737428,1381.5387943786325,1639.8739395519108,8.17064565222521
107,4.305662355686732e-07,1.7520652279120642e-06,0.5482812648159306,0.08294487768861136,1616.913371022829,1754.0926736233773,5.21389100362442
108,4.499942949193065e-07,1.6699052368174889e-06,0.5612204289758044,0.11395209325111773,1311.5737854912709,1740.7372278609876,6.773580708054937
109,4.7135636731468694e-07,1.8685278870504061e-06,0.48405263955023997,0.12581141825152645,1329.6746699349276,1795.09678132094,6.649800446831168
110,3.9605057677880834e-07,2.0327356229794537e-06,0.4192813896663798,0.11766470972443487,1354.7423233912778,1620.9109513018052,8.914176847038291
111,3.953674210163498e-07,1.938553473695223e-06,0.3877405437902526,0.19237121094909213,1476.3311110824143,1707.983305240261,6.326369571435091
112,4.1489995163954494e-07,1.6668589058262107e-06,0.42256472602071155,0.32280179221727945,1436.897971264948,1756.9986864239127,6.701160580199066
113,3.963471163683581e-07,1.7951420600146692e-06,0.4332825705646985,0.42437607101717884,1472.1577785530208,1789.3259462733663,8.488770445588735
114,3.955471655551746e-07,1.8182623566511376e-06,0.41224552044030005,0.7427234433276655,1445.497199872492,1972.0512147568961,11.53760350992152
115,3.3831967033150106e-07,1.6730186215172657e-06,0.3455664651520902,0.4453145850788212,1362.8103063523126,2021.128385533545,7.413147334659044
116,3.686155903315774e-07,1.700459305772112e-06,0.4076851142778802,0.26755338410561524,1507.3841137539303,2139.2091816425786,6.982752796559782
117,3.42004200485506e-07,1.661945095182045e-06,0.3916611558577645,0.397151926541692,1406.8902194385864,2328.838538199361,9.767017270343159
118,3.723072834260821e-07,1.8373085778535848e-06,0.2923703990200069,0.46065971495740216,1451.0183147167154,2284.0242166757785,7.782504334769881
119,3.2406703609572887e-07,1.845291517212098e-06,0.3367690806397293,0.3517860016916103,1356.9922018852394,2293.0891420655425,8.186923079647489
120,3.5699083210975013e-07,2.4156443503040475e-06,0.26864687661527176,0.10119514453785607,1315.7352903901262,2335.755516196214,6.346315274283301
121,3.4411163471232355e-07,2.6529262348584015e-06,0.42680966309979235,0.19294322765026592,1483.6719364079072,2310.1018245880664,8.844219775020118
122,3.317795241348787e-07,2.5337092004549294e-06,0.5420135300336569,0.3355384223306613,1644.584538759413,2286.3398170976648,9.42459692817468
123,2.7643892031444563e-07,2.496064809041208e-06,0.42645251427723185,0.5894868388137564,1732.574643446015,2523.0515475559346,10.699876587766443
124,2.97298064409541e-07,2.3752440884916404e-06,0.3503008686385646,0.630805105104652,1716.1499245792513,2666.095846949813,9.238249971460949
125,2.743984640556948e-07,2.376114974080824e-06,0.3845670595852682,0.5179740418183107,1774.1458762131986,2647.1037362563543,10.0402701733672
126,2.6711219488312267e-07,2.072095457456631e-06,0.35310309641128534,0.300330313137757,1860.7165153807193,2501.2953779455447,9.16293013934273
127,2.713959959260977e-07,2.086827064824102e-06,0.460264991404888,0.5208738661598937,1972.9512902967988,2501.997186588729,12.30453887870832
128,2.3713990227327825e-07,1.7509732982229771e-06,0.625430928085375,0.46951526175634967,2042.654878322486,2801.876564992863,9.754655367912743
129,2.539443244590077e-07,1.7347746007096756e-06,0.5252945009753499,0.6957488091171459,1900.8515786211374,2936.8006107346796,9.10412875724107
130,2.465546431168208e-07,1.6803005385554792e-06,0.5269680565543072,0.7670839601456672,2012.096025765709,2909.647857888925,11.86749754864396
131,2.3771481890370714e-07,1.7805579159238369e-06,0.6035482376662111,0.5811649088028231,2068.5650795755723,2877.7509307386986,10.691260502533362
132,2.596481257778424e-07,1.5991017455596734e-06,0.6924904743278885,0.6830034846463565,2054.404856003268,3157.5531161018207,11.085309413242266
133,2.6046413838346825e-07,1.3922667576799193e-06,0.6087425760678964,0.3569882461453753,2138.4561171601863,3328.4687800899183,7.89357398688685
134,2.7678391372464137e-07,1.4522345522604862e-06,0.6878479120697668,0.373535185805234,2138.216190977845,3479.3599914342026,5.432116939962709
135,2.4232088910563444e-07,1.497143300597317e-06,0.6252206842510125,0.2518975994562374,2321.5732715617837,3384.689069433349,6.666278226897166
136,2.2849097993213237e-07,1.3366130414358504e-06,0.71207547591684,0.20197351004992833,2172.7838890655316,3318.0000232183525,5.311933006564612
137,2.2921911391610094e-07,1.2750622604505239e-06,0.6865497149333402,0.20556183257071717,2196.486530057948,3225.536904597724,6.782091300187986
138,2.1304008406225652e-07,1.069676381694695e-06,0.6054663387428907,0.4949318917220283,2254.345094676497,3322.690535760409,4.934416201045387
139,2.2054164871457675e-07,1.03669906390649e-06,0.5154334897322885,0.3548749798781112,2344.337569505158,3415.16489441445,3.952899054370609
140,2.0063436305568695e-07,1.0725398966298185e-06,0.5634141326642489,0.2050256493151909,2472.615427513231,3363.4020284868598,4.104671333125882
141,2.074449911559187e-07,1.0003481356311096e-06,0.6161488121144678,0.37134091053005625,2396.5007977679625,3403.7622060806557,5.538798477947979
142,2.2851543465400837e-07,1.1587311981962206e-06,0.749367117197182,0.1747260147876155,2387.4968322682594,3280.035713402319,7.513632196966135
143,2.3476158648220291e-07,1.3325740679191597e-06,1.1556830470572865,0.1569179268315061,2374.314221585014,3525.923332021874,5.0899359588854045
144,2.1085161170960112e-07,1.6211687898793212e-06,0.8847869183248573,0.37904864105748926,2576.2293543224137,3730.6561149179875,4.742310167373969
145,2.2225656614750167e-07,1.726834232863127e-06,0.6259100026080993,0.5467977711670466,2497.2494697334114,3992.9120247068086,6.493427865728103
146,2.406018589744538e-07,1.981945286176059e-06,0.6121110042303026,0.8375175856218376,2500.2069060956755,4373.478930147203,5.182011148422535
147,2.7201979705773093e-07,2.3817390582070017e-06,0.6202143186936326,0.4858714655608375,2572.1088960489374,4472.949330647682,6.476355537964052
148,3.099465535515083e-07,2.2846651471092294e-06,0.6065092391471363,0.35328976255690436,2501.173531859843,4598.1907531409925,5.143886371544505
149,3.23919555586637e-07,3.001476633175242e-06,0.7579357801505352,0.4565940716102916,2595.9620773854413,4368.76733984762,4.49680768407967
150,3.591458144659938e-07,2.9816526385192093e-06,0.751566060484417,0.4515272954432942,2630.5952422338437,4198.189832598914,4.919197081688509
151,3.5154576011669284e-07,2.960785191505043e-06,0.9499597497669732,0.7317554161907618,2703.5001608182697,4277.094244912341,6.7913758108642845
152,3.0531777364933694e-07,3.0168024886156204e-06,0.8974536778012725,0.9422266009560455,2768.329237873949,4564.1985820023865,7.168785921199086
153,3.288714179506366e-07,2.9917253151302242e-06,0.9413308472373639,0.7114640024180084,3038.7114141527763,4475.678556567485,6.73800635826033
154,3.479811086384846e-07,2.985173518989743e-06,0.5224601937216843,0.30107366026924487,3090.9371717900967,4583.367590830509,4.285775116306582
155,2.818723145080703e-07,3.347961165714681e-06,0.4843242002347255,0.28582416933081833,3122.7191201232317,4606.694571724861,4.385053168465559
156,2.9965128274991215e-07,3.378947565076506e-06,0.47866191470210445,0.5922378122999199,3083.8314294327183,4250.605128679727,4.434090831643516
157,2.890806091830975e-07,3.019830811037736e-06,0.45135305986926827,0.17914338101402097,3070.1684128984384,4173.050406296148,4.031271567564396
158,2.760301284241029e-07,3.134874074494957e-06,0.5038240995240683,0.08610216262630757,3098.8534311770304,4177.374761939166,3.7443486095126426
159,2.7118553970044267e-07,4.05294769355948e-06,0.3633199847389183,0.10480092178209713,3097.106644110718,4204.689284119748,3.906257628266344
160,3.250484084854407e-07,4.145786112746693e-06,0.41305071554892436,0.07308432906859724,3178.84878600745,4292.573819613467,2.9443428664187947
161,3.004669688715964e-07,3.869961997958884e-06,0.37667483802327417,0.10042096060361327,3176.2504023886963,4510.321014929017,3.166449000458851
162,2.8440962281713744e-07,4.549466278953743e-06,0.28066569072194764,0.11017064343817068,2897.780576278059,4413.818903759227,4.089356348218187
163,3.509482498118196e-07,4.33118300785869e-06,0.3926859434597714,0.0736174124728278,2737.2942815877273,4198.790352883535,2.9306283608166597
164,3.36005771528579e-07,6.649130835783665e-06,0.6675238575675918,0.049238142014459696,2613.48106656262,4248.991829428763,3.766578834737863
165,2.7411523720049773e-07,7.025190603310518e-06,0.6334287207527717,0.05949819567788447,2574.169051210484,4370.020990942781,5.255544045538933
166,2.5088195800614426e-07,7.381703355598208e-06,0.5771017785575535,0.029358226253539697,2745.354885050738,4500.6181749038615,3.3203109068690972
167,2.2397791723554378e-07,7.161252198503396e-06,0.4644940900258795,0.06836682852912247,2831.657786142472,4498.53932819047,2.6753816577883467
168,2.0490883748586905e-07,7.093264584452939e-06,0.381190652321748,0.18161128012108274,3122.518030549501,4696.135225724802,2.7037999160903983
169,2.204551128837857e-07,7.274620469041847e-06,0.329632791575111,0.3525595658593272,3310.1949948717674,4921.634242984448,3.4887110085214337
170,2.1497180638031852e-07,6.8620692542805555e-06,0.2838960037305524,0.4071163336410417,3291.417590067696,4780.811103873432,4.16899227635191
171,2.2025743166560028e-07,7.20778130406851e-06,0.2897066630326304,0.37429376474465115,3277.194649715003,4770.655736190234,5.056353567408138
172,2.5009530074468987e-07,6.441652879263746e-06,0.3141502050374731,0.23322363900005041,3206.624725262188,4855.016784204293,3.5411043275108365
173,2.621711230198567e-07,6.528402883626432e-06,0.4732371617952619,0.06882664374920276,3017.8475252373773,4881.852443941671,4.601160520759683
174,2.810080517810193e-07,5.999459771389111e-06,0.7279094886435257,0.1561762068038183,2956.479510479472,4690.792706511779,3.8128923127730934
175,2.8854885077487483e-07,6.6213400406117924e-06,0.6214595506673145,0.1169524052351664,2839.401676568184,4758.732689946269,4.886350412752012
176,2.3501401015752732e-07,6.227104554052472e-06,0.6370924828023526,0.17700896090174167,2920.824865399636,4917.388953313426,4.117236303126818
177,2.134366258115038e-07,6.6321658190131235e-06,0.6796646492984679,0.10865037092354327,2725.2478759886276,4905.23940396183,3.7266342989086687
178,2.4630246510382895e-07,6.441930302539115e-06,0.8461225164284873,0.22119430523304306,2729.852718587802,4737.19483453957,3.4067295764831513
179,2.5020567706735495e-07,6.492572876554483e-06,0.7557341520964531,0.4009104977943326,2659.574486841265,4890.487708055772,3.984318701215706
180,2.6538852911631936e-07,6.803454254229314e-06,0.520746209175437,0.2296725584905333,3024.8048780642903,4753.617665087298,3.848848258967204
181,3.1259953622137946e-07,7.160910791824078e-06,0.6003811249973188,0.13109372662660337,3085.124903497377,4836.099308923625,3.9739701661198503
182,2.5434493673633066e-07,7.808484433802218e-06,0.7193826612017028,0.26842485953453776,2890.9712005379315,4801.82396018589,4.609345724061431
183,2.833474316302754e-07,7.541592641059751e-06,0.9036486571682847,0.41398772671898615,2959.85413356072,4778.560334224558,5.255460207577633
184,2.2922293123773663e-07,8.333748321382214e-06,0.8377855656531029,0.4156032419516793,2878.415541093527,4850.4795591106895,6.618269743436835
185,2.2535320491200553e-07,8.08542575702094e-06,0.8189417286681313,0.44867939607248425,2772.2541497924562,4955.274253456669,6.969570539235018
186,2.1019618228825202e-07,7.81985558245961e-06,0.6931304986489807,0.5153556108335713,2460.7271299102963,4834.110599642771,8.355957863991321
187,2.2308228581081645e-07,6.446444770077417e-06,0.7160960387302955,0.5828106598053084,2377.070524316515,4727.478043174499,7.638937476749896
188,2.632478779038724e-07,6.1416691972211365e-06,0.8405896372885006,0.45771335072204,2064.5221066471113,4796.16710300635,7.360745217406558
189,2.964177368399848e-07,5.957712629765807e-06,1.036183467076897,0.8159182076096819,1792.1431728014963,5014.896826166002,7.98367405588001
190,3.0125547466763627e-07,4.815493319399808e-06,0.7303859382761722,1.0469631472289307,1757.8296171738098,4920.014579057725,9.35068694994682
191,3.3378756425984973e-07,4.471740350322707e-06,0.7237927764179106,1.4236881693047987,1926.2096346722751,4900.912298595799,9.444528793659291
192,3.3807277695894815e-07,4.248797680714317e-06,0.8689105129977128,1.1984245528791764,2229.5554100503996,4936.40289370604,7.18169997950527
193,3.807585016611203e-07,3.6686411996260666e-06,1.0648381683655443,1.3983783735060318,2225.695848034103,4683.3199491610685,7.492031674617202
194,4.086066396451311e-07,4.018573887339694e-06,0.7550709037771752,0.7241103692014033,2528.3073819547267,4618.235174392343,6.8428488563719165
195,4.615422934423957e-07,4.0276469821402625e-06,0.9411828877966958,1.356743068652196,2494.5738926364334,4551.272159877913,4.228122424755037
196,4.414562168140642e-07,4.052441491164524e-06,0.7584141732176682,0.9749431797922435,2593.5057083375737,4583.662584476313,5.55310210271946
197,4.808066265104976e-07,4.199193679393837e-06,0.7418986426415843,0.4167281335112991,2737.6691535570812,4664.441467695813,4.450186303611264
198,4.578221864395442e-07,5.457982437334482e-06,0.5591962703389785,0.7356298480182586,2615.862760134732,4509.012939877071,4.096442643855243
199,4.5607258332385694e-07,6.0764789167852135e-06,0.6798434129448022,1.0448436398885141,2657.225226436384,4265.22087159329,5.171470818998188
200,4.3228272049800357e-07,4.8678589078173145e-06,0.7818153470868107,0.6608036446796135,2682.4830552330513,4107.456961861816,5.8533756217360935
201,5.106884553909429e-07,4.716758230245999e-06,0.8822218260709151,1.0812344125980207,2681.071378861686,4120.901281429622,5.223591970981671
202,4.687334418580845e-07,4.378585724172106e-06,0.9284974796281088,1.1654284393809995,2654.325790055179,4162.721309863047,4.669815901145057
203,3.999613997959752e-07,4.20444672676862e-06,0.7329618000329803,1.3752020887553615,2516.8154031641925,4225.232187045955,3.779819741462445
204,3.655495957695006e-07,3.4948371157129502e-06,0.8202045245472452,0.9605744686039076,2528.4767521864487,4181.3957746775095,4.075925216349486
205,3.5742688954717194e-07,3.72716548564382e-06,0.8210329812169319,0.6365153839217944,2372.916177282777,4265.0608031397105,5.339630578830626
206,3.2158181329051664e-07,3.2950564782606624e-06,0.8152953145061159,0.8778344505223594,2298.9449157975537,4365.979132449475,6.025181314758168
207,3.8490056106793584e-07,3.995438320521279e-06,1.3133457644008029,0.4966532459429939,2341.940742914382,4705.417026471699,6.260673773736083
208,3.2126877262226006e-07,3.862795717819695e-06,1.109707482611138,0.3583967824776475,2377.266963230608,4811.752865441423,4.75363095633586
209,3.7508530061607894e-07,3.4424358267579518e-06,1.0570154506658198,0.6132684428516199,2520.6647330477817,4740.443826915675,6.3561503117750116
210,4.245904978304406e-07,3.4791271957451014e-06,1.0296693504486898,0.7400788769750299,2386.136992076606,4935.342232620496,4.821032768302545
211,3.7666481993022667e-07,3.6263751180941616e-06,0.9949617187335723,1.2151639121299413,2246.1767540620176,5176.075381452498,5.789655519727895
212,3.8745791063650994e-07,3.175382435393609e-06,0.87720110421512,1.6087245925788838,2327.71998465998,4862.073380393242,6.455944650183146
213,3.5815127430566193e-07,3.2458348296603066e-06,0.9401480849735512,1.5820833949343982,2531.389714922424,4928.817286533786,7.549935850708686
214,3.686120738353987e-07,2.842814708188894e-06,1.1401194646982376,1.4958656173411549,2293.7319153095186,4986.385190552366,8.292756946273105
215,3.809013328814463e-07,2.444362001973327e-06,0.9892525290975098,0.9495111497542676,2409.3534551746593,5210.449433297906,6.516437851700158
216,3.696392261592059e-07,2.53638140471243e-06,1.2796351455896908,0.7951490630340728,2328.6206517478463,5191.1117375743,5.537745935833776
217,3.735932956060509e-07,2.6720660764890683e-06,1.1182300244953605,0.7799401765726108,2459.1737692278516,5132.154310429611,5.0848732797915615
218,3.1569861263218796e-07,2.2048388915161317e-06,0.8695161010740757,1.0755514612416628,2192.3757182073414,5146.642492013501,6.675527907248826
219,2.9267680847142525e-07,1.8214884940612911e-06,0.9400811565808374,0.8970210930500183,2094.047137631851,5084.238441074235,7.902886291064712
220,2.890806078004545e-07,1.955291906987028e-06,0.9481823136403656,0.8340473973113092,2193.604064876972,4841.746896707626,7.1398215954587325
221,3.103248248554318e-07,2.0629113668682474e-06,1.0241596564279523,1.3184044847645395,2089.5212266714416,4930.486794681535,8.045206525642456
222,2.5609742104293984e-07,1.8126673839145474e-06,0.7770417948544008,1.0848344201030706,2171.864582530143,4808.909564316872,9.493255365721293
223,2.6298439031537936e-07,1.661420629686447e-06,0.821492220427927,0.8613843261445024,2049.972027450083,4674.657310912392,9.608212907935094
224,2.8345292176797525e-07,1.3412310909414766e-06,0.7586835582626215,0.9718346953653041,2064.6457606870044,4745.244412052591,8.267548594300063
225,2.88807386419153e-07,1.3448344170726645e-06,0.6488557507468863,0.871284669910641,2037.4380845026637,4924.604212870353,7.0298542837747995
226,2.8529541943378585e-07,1.4688083583170983e-06,0.6346142808756982,0.7947331938579599,1634.5968590121608,5077.154195293768,6.461789180305179
227,2.9549081363638924e-07,1.3736798450948045e-06,0.7758727383227596,0.586489441483044,1840.4505548528218,5391.820381506237,5.6453753928566535
228,2.429777270067317e-07,1.4059230731739299e-06,0.8393219303150706,0.44878303973551636,2073.8086341694006,5587.164608770119,5.896770664172954
229,2.3496501335727467e-07,1.6137552625690471e-06,0.5620982956055107,0.821529622909962,2194.567082643925,5708.965236145843,5.758124632679031
230,2.3441464693589553e-07,1.5496866233762601e-06,0.5658840161730978,0.7023205947722085,2145.3473744920343,5827.104232115418,6.652119809040375
231,2.1944355351273833e-07,1.8122461696172434e-06,0.5202043920155079,0.7873898537615888,2243.7508638258505,5816.258653011161,6.775859041379826
232,2.2539048691356378e-07,1.9486286451860803e-06,0.76216262236449,0.9575666087587134,2329.1261382907796,5446.531057337885,8.322145701523947
233,2.4103379857250295e-07,1.75529970003799e-06,0.500517488743405,0.5325069839046739,2573.7971956990423,5224.518634754141,6.226905935323062
234,2.3346741056739856e-07,1.7454955253364e-06,0.48627715532704613,0.4822345069770814,2747.4018176355635,5174.2806136445515,3.405554574197155
235,2.237734210548703e-07,2.225951515947253e-06,0.43928534386192175,0.2617540176750971,2703.674252021053,5389.55934243088,3.960937809595464
236,2.4661511171727197e-07,2.322191443767369e-06,0.4068064458982213,0.3110832845503463,2874.087708106824,5320.106247681269,3.1428062491725006
237,2.476519164975227e-07,2.393340696270661e-06,0.4135588673992511,0.42358104537575797,2801.0382193985415,5617.624501360829,4.002963585300169
238,2.420505563835712e-07,2.652659036098875e-06,0.36772578933919925,0.44887937666948646,2930.6324976069636,5691.161987734536,3.4587565669620295
239,2.2782190875002036e-07,2.6955697571513647e-06,0.3339889378773954,0.5600595925334175,2979.618539114798,5715.509362988707,3.8103795161716487
240,2.3746723795755892e-07,2.425834583963679e-06,0.4565297633561749,0.5195042240479196,3042.9496396696827,5772.03095848464,4.177236307666291
241,2.4399494630495483e-07,2.475060512053279e-06,0.5145023600349954,0.46452750783690594,3218.9498829190093,5900.7223244211455,3.662524748684149
242,2.397841033691611e-07,2.2906283745972026e-06,0.5093604080290041,0.45277708582265264,3049.28958506625,5791.64657934153,4.610054907352368
243,2.085502888626361e-07,2.331833071927367e-06,0.6195036261218485,0.5431015990872594,3115.6237184083493,5672.457789509015,5.249966982746918
244,2.1937604949578862e-07,2.2712072007019123e-06,0.5839111532645582,0.8045746531162011,3239.3959942019587,5613.767793663492,5.568848718520071
245,2.174731321743986e-07,2.5193219894470604e-06,0.5984884386716169,0.6360057141295957,3439.518389018417,5689.0651198133555,5.667692079939028
246,2.0529200889363888e-07,2.785950159323582e-06,0.5944783528329579,0.6005715571103499,3353.7429398821646,5462.630622980537,5.50286523081985
247,2.4815534076304413e-07,2.238228082117798e-06,0.6310355638966829,0.32278208146668436,3463.3293166421317,5299.34405479916,4.267018197177341
248,2.627832580732892e-07,2.3175256824679358e-06,0.5506252968374992,0.5255985290015609,3131.6416382029947,5489.507881939502,4.561532679679671
